"Iteration","Intensity","Delay_Cycles","Latency_ns","Bandwidth_MBps","Latency_cycles"
"1","Maximum","0","0","0","N/A"
"1","Very High","10","0","0","N/A"
"1","High","100","0","0","N/A"
"1","Medium High","400","0","0","N/A"
"1","Medium","1000","0","0","N/A"
"1","Medium Low","2000","0","0","N/A"
"1","Low","5000","0","0","N/A"
"1","Very Low","10000","0","0","N/A"
"2","Maximum","0","0","0","N/A"
"2","Very High","10","0","0","N/A"
"2","High","100","0","0","N/A"
"2","Medium High","400","0","0","N/A"
"2","Medium","1000","0","0","N/A"
"2","Medium Low","2000","0","0","N/A"
"2","Low","5000","0","0","N/A"
"2","Very Low","10000","0","0","N/A"
"3","Maximum","0","0","0","N/A"
"3","Very High","10","0","0","N/A"
"3","High","100","0","0","N/A"
"3","Medium High","400","0","0","N/A"
"3","Medium","1000","0","0","N/A"
"3","Medium Low","2000","0","0","N/A"
"3","Low","5000","0","0","N/A"
"3","Very Low","10000","0","0","N/A"
