"Iteration","Test_Config","Range_Size","Access_Type","Latency_ns","Bandwidth_MBps","Latency_cycles"
"1","Small Sequential","4K","Sequential","0","0","N/A"
"1","Small Random","4K","Random","0","0","N/A"
"1","Medium Sequential","2M","Sequential","0","0","N/A"
"1","Medium Random","2M","Random","0","0","N/A"
"1","Large Sequential","1G","Sequential","0","0","N/A"
"1","Large Random","1G","Random","0","0","N/A"
"2","Small Sequential","4K","Sequential","0","0","N/A"
"2","Small Random","4K","Random","0","0","N/A"
"2","Medium Sequential","2M","Sequential","0","0","N/A"
"2","Medium Random","2M","Random","0","0","N/A"
"2","Large Sequential","1G","Sequential","0","0","N/A"
"2","Large Random","1G","Random","0","0","N/A"
"3","Small Sequential","4K","Sequential","0","0","N/A"
"3","Small Random","4K","Random","0","0","N/A"
"3","Medium Sequential","2M","Sequential","0","0","N/A"
"3","Medium Random","2M","Random","0","0","N/A"
"3","Large Sequential","1G","Sequential","0","0","N/A"
"3","Large Random","1G","Random","0","0","N/A"
